mean_intensity,std_intensity,mean_r,mean_g,mean_b,std_r,std_g,std_b
0.3436417281627655,0.06862776726484299,0.3436392843723297,0.3436392843723297,0.3436392843723297,0.06864102929830551,0.06864102929830551,0.06864102929830551
0.042788270860910416,0.09646359086036682,0.04277728497982025,0.04277728497982025,0.04277728497982025,0.09630351513624191,0.09630351513624191,0.09630351513624191
0.3495454788208008,0.0725753977894783,0.34954386949539185,0.34954386949539185,0.34954386949539185,0.07256621867418289,0.07256621867418289,0.07256621867418289
0.252167671918869,0.12194175273180008,0.2520826756954193,0.2520826756954193,0.2520826756954193,0.12194744497537613,0.12194744497537613,0.12194744497537613
0.33298665285110474,0.15061092376708984,0.33295074105262756,0.33295074105262756,0.33295074105262756,0.1505763679742813,0.1505763679742813,0.1505763679742813
0.04911313205957413,0.10698869824409485,0.049111105501651764,0.049111105501651764,0.049111105501651764,0.10688339918851852,0.10688339918851852,0.10688339918851852
0.44883301854133606,0.17269684374332428,0.4487684369087219,0.4487684369087219,0.4487684369087219,0.17270459234714508,0.17270459234714508,0.17270459234714508
0.3257526755332947,0.10206202417612076,0.3257676959037781,0.3257676959037781,0.3257676959037781,0.10205134749412537,0.10205134749412537,0.10205134749412537
0.5423353314399719,0.27569928765296936,0.542177677154541,0.542177677154541,0.542177677154541,0.2757202088832855,0.2757202088832855,0.2757202088832855
0.08139786124229431,0.13981589674949646,0.08141108602285385,0.08141108602285385,0.08141108602285385,0.1397617608308792,0.1397617608308792,0.1397617608308792
0.4774625599384308,0.10611569136381149,0.4771844446659088,0.4771844446659088,0.4771844446659088,0.10612614452838898,0.10612614452838898,0.10612614452838898
0.30971598625183105,0.03319476172327995,0.30982184410095215,0.30982184410095215,0.30982184410095215,0.033199094235897064,0.033199094235897064,0.033199094235897064
0.07175997644662857,0.1524132788181305,0.07175213098526001,0.07175213098526001,0.07175213098526001,0.15231065452098846,0.15231065452098846,0.15231065452098846
0.5571597218513489,0.21180860698223114,0.5569116473197937,0.5569116473197937,0.5569116473197937,0.21181711554527283,0.21181711554527283,0.21181711554527283
0.2192832976579666,0.08845329284667969,0.21897120773792267,0.21897120773792267,0.21897120773792267,0.08844082057476044,0.08844082057476044,0.08844082057476044
0.49251165986061096,0.19745054841041565,0.4923858642578125,0.4923858642578125,0.4923858642578125,0.19746530055999756,0.19746530055999756,0.19746530055999756
0.36822155117988586,0.09625977277755737,0.36812886595726013,0.36812886595726013,0.36812886595726013,0.09624745696783066,0.09624745696783066,0.09624745696783066
0.3524736166000366,0.06362900882959366,0.35246607661247253,0.35246607661247253,0.35246607661247253,0.0636417344212532,0.0636417344212532,0.0636417344212532
0.4889700412750244,0.17554093897342682,0.488783061504364,0.488783061504364,0.488783061504364,0.1755618304014206,0.1755618304014206,0.1755618304014206
0.3910483419895172,0.14828012883663177,0.3907891809940338,0.3907891809940338,0.3907891809940338,0.14826634526252747,0.14826634526252747,0.14826634526252747
0.5631217360496521,0.17092034220695496,0.5628272891044617,0.5628272891044617,0.5628272891044617,0.17092618346214294,0.17092618346214294,0.17092618346214294
0.43532827496528625,0.0727337971329689,0.4351576268672943,0.4351576268672943,0.4351576268672943,0.0727049857378006,0.0727049857378006,0.0727049857378006
0.025186121463775635,0.06521303951740265,0.025183923542499542,0.025183923542499542,0.025183923542499542,0.0651904046535492,0.0651904046535492,0.0651904046535492
0.37781694531440735,0.09166483581066132,0.37777093052864075,0.37777093052864075,0.37777093052864075,0.09164991974830627,0.09164991974830627,0.09164991974830627
0.11599603295326233,0.09703487157821655,0.11577814817428589,0.11577814817428589,0.11577814817428589,0.09702464193105698,0.09702464193105698,0.09702464193105698
0.2534574568271637,0.06648705899715424,0.2533243000507355,0.2533243000507355,0.2533243000507355,0.06647711247205734,0.06647711247205734,0.06647711247205734
0.36734795570373535,0.18401680886745453,0.367140531539917,0.367140531539917,0.367140531539917,0.18402999639511108,0.18402999639511108,0.18402999639511108
0.12329817563295364,0.05200951546430588,0.12297382205724716,0.12297382205724716,0.12297382205724716,0.05200366675853729,0.05200366675853729,0.05200366675853729
0.3248366713523865,0.1617368906736374,0.3247447609901428,0.3247447609901428,0.3247447609901428,0.1617533266544342,0.1617533266544342,0.1617533266544342
0.4306950271129608,0.1966896653175354,0.4306310713291168,0.4306310713291168,0.4306310713291168,0.19664844870567322,0.19664844870567322,0.19664844870567322
0.32374754548072815,0.08411657810211182,0.3236786127090454,0.3236786127090454,0.3236786127090454,0.08413060009479523,0.08413060009479523,0.08413060009479523
0.2821519076824188,0.17440496385097504,0.28216561675071716,0.28216561675071716,0.28216561675071716,0.17440904676914215,0.17440904676914215,0.17440904676914215
0.3403533399105072,0.15402808785438538,0.34030982851982117,0.34030982851982117,0.34030982851982117,0.15402460098266602,0.15402460098266602,0.15402460098266602
0.2620188295841217,0.13162754476070404,0.26199284195899963,0.26199284195899963,0.26199284195899963,0.13159970939159393,0.13159970939159393,0.13159970939159393
0.8358120918273926,0.1912141740322113,0.8354583978652954,0.8354583978652954,0.8354583978652954,0.19125996530056,0.19125996530056,0.19125996530056
0.4899587035179138,0.16361883282661438,0.4896833300590515,0.4896833300590515,0.4896833300590515,0.16360695660114288,0.16360695660114288,0.16360695660114288
0.23507006466388702,0.25725099444389343,0.23525477945804596,0.23525477945804596,0.23525477945804596,0.25723567605018616,0.25723567605018616,0.25723567605018616
0.11647463589906693,0.16657404601573944,0.11637874692678452,0.11637874692678452,0.11637874692678452,0.16658876836299896,0.16658876836299896,0.16658876836299896
0.49768829345703125,0.2028254270553589,0.49756503105163574,0.49756503105163574,0.49756503105163574,0.2028053104877472,0.2028053104877472,0.2028053104877472
0.4657387435436249,0.13194911181926727,0.4655943214893341,0.4655943214893341,0.4655943214893341,0.13194257020950317,0.13194257020950317,0.13194257020950317
0.3007100522518158,0.08900657296180725,0.30073603987693787,0.30073603987693787,0.30073603987693787,0.08901210874319077,0.08901210874319077,0.08901210874319077
0.385511577129364,0.09757091850042343,0.3854304850101471,0.3854304850101471,0.3854304850101471,0.09756462275981903,0.09756462275981903,0.09756462275981903
0.23614853620529175,0.09383898973464966,0.2361750602722168,0.2361750602722168,0.2361750602722168,0.09382802248001099,0.09382802248001099,0.09382802248001099
0.4783894419670105,0.16661879420280457,0.4782787263393402,0.4782787263393402,0.4782787263393402,0.16660724580287933,0.16660724580287933,0.16660724580287933
0.18570640683174133,0.16374287009239197,0.18560214340686798,0.18560214340686798,0.18560214340686798,0.16380907595157623,0.16380907595157623,0.16380907595157623
0.40848079323768616,0.09525647014379501,0.4083501398563385,0.4083501398563385,0.4083501398563385,0.09522620588541031,0.09522620588541031,0.09522620588541031
0.31513458490371704,0.06549292057752609,0.31514865159988403,0.31514865159988403,0.31514865159988403,0.0654849037528038,0.0654849037528038,0.0654849037528038
0.39287301898002625,0.17738452553749084,0.3928702473640442,0.3928702473640442,0.3928702473640442,0.17733891308307648,0.17733891308307648,0.17733891308307648
0.1770198792219162,0.1946471482515335,0.17692911624908447,0.17692911624908447,0.17692911624908447,0.19465306401252747,0.19465306401252747,0.19465306401252747
0.1950288712978363,0.2725766897201538,0.19523094594478607,0.19523094594478607,0.19523094594478607,0.2726017236709595,0.2726017236709595,0.2726017236709595
0.383601576089859,0.10378088057041168,0.38349270820617676,0.38349270820617676,0.38349270820617676,0.10377286374568939,0.10377286374568939,0.10377286374568939
0.40947166085243225,0.1480245441198349,0.4094853103160858,0.4094853103160858,0.4094853103160858,0.1480235904455185,0.1480235904455185,0.1480235904455185
0.4470057189464569,0.0935874804854393,0.44677916169166565,0.44677916169166565,0.44677916169166565,0.09357022494077682,0.09357022494077682,0.09357022494077682
0.3114783763885498,0.1282905489206314,0.31146737933158875,0.31146737933158875,0.31146737933158875,0.12830570340156555,0.12830570340156555,0.12830570340156555
0.434467613697052,0.13503989577293396,0.4342576861381531,0.4342576861381531,0.4342576861381531,0.1350402534008026,0.1350402534008026,0.1350402534008026
0.04047081992030144,0.08663254976272583,0.04046883061528206,0.04046883061528206,0.04046883061528206,0.08657573908567429,0.08657573908567429,0.08657573908567429
0.5026219487190247,0.09422249346971512,0.5025460720062256,0.5025460720062256,0.5025460720062256,0.09422208368778229,0.09422208368778229,0.09422208368778229
0.030247895047068596,0.0809844359755516,0.03023790381848812,0.03023790381848812,0.03023790381848812,0.08101069927215576,0.08101069927215576,0.08101069927215576
0.10926653444766998,0.14751924574375153,0.10918573290109634,0.10918573290109634,0.10918573290109634,0.14753803610801697,0.14753803610801697,0.14753803610801697
0.31451237201690674,0.11884196102619171,0.31444817781448364,0.31444817781448364,0.31444817781448364,0.11883220821619034,0.11883220821619034,0.11883220821619034
0.2691345512866974,0.06647301465272903,0.2691401243209839,0.2691401243209839,0.2691401243209839,0.06648731976747513,0.06648731976747513,0.06648731976747513
0.43419235944747925,0.16834963858127594,0.4341350793838501,0.4341350793838501,0.4341350793838501,0.16833941638469696,0.16833941638469696,0.16833941638469696
0.3195927143096924,0.13194724917411804,0.3195948302745819,0.3195948302745819,0.3195948302745819,0.13195684552192688,0.13195684552192688,0.13195684552192688
0.36514556407928467,0.1375935673713684,0.3650195002555847,0.3650195002555847,0.3650195002555847,0.13757938146591187,0.13757938146591187,0.13757938146591187
0.08412119746208191,0.09074603766202927,0.08400144428014755,0.08400144428014755,0.08400144428014755,0.09075126051902771,0.09075126051902771,0.09075126051902771
0.1328093558549881,0.1501060575246811,0.13264307379722595,0.13264307379722595,0.13264307379722595,0.15017065405845642,0.15017065405845642,0.15017065405845642
0.5118106603622437,0.19487202167510986,0.511639416217804,0.511639416217804,0.511639416217804,0.19487057626247406,0.19487057626247406,0.19487057626247406
0.4526772201061249,0.09373002499341965,0.4525165855884552,0.4525165855884552,0.4525165855884552,0.09372405707836151,0.09372405707836151,0.09372405707836151
0.250625878572464,0.11134684085845947,0.25057974457740784,0.25057974457740784,0.25057974457740784,0.11130781471729279,0.11130781471729279,0.11130781471729279
0.11749211698770523,0.15612050890922546,0.11739525943994522,0.11739525943994522,0.11739525943994522,0.15603598952293396,0.15603598952293396,0.15603598952293396
0.3272610902786255,0.27287521958351135,0.32744187116622925,0.32744187116622925,0.32744187116622925,0.2728889286518097,0.2728889286518097,0.2728889286518097
0.28108566999435425,0.1341903656721115,0.2811127007007599,0.2811127007007599,0.2811127007007599,0.13422651588916779,0.13422651588916779,0.13422651588916779
0.3025330603122711,0.06304856389760971,0.30249127745628357,0.30249127745628357,0.30249127745628357,0.06305000931024551,0.06305000931024551,0.06305000931024551
0.3951224386692047,0.10780081897974014,0.39498889446258545,0.39498889446258545,0.39498889446258545,0.1077917143702507,0.1077917143702507,0.1077917143702507
0.24452100694179535,0.06798459589481354,0.24449962377548218,0.24449962377548218,0.24449962377548218,0.0679686963558197,0.0679686963558197,0.0679686963558197
0.1303521990776062,0.1691591441631317,0.1302095204591751,0.1302095204591751,0.1302095204591751,0.16908341646194458,0.16908341646194458,0.16908341646194458
0.049788445234298706,0.10416767746210098,0.04977908730506897,0.04977908730506897,0.04977908730506897,0.10418813675642014,0.10418813675642014,0.10418813675642014
0.44152191281318665,0.19354486465454102,0.44142618775367737,0.44142618775367737,0.44142618775367737,0.1935775727033615,0.1935775727033615,0.1935775727033615
0.4622501730918884,0.1648865044116974,0.4621391296386719,0.4621391296386719,0.4621391296386719,0.1648697704076767,0.1648697704076767,0.1648697704076767
0.4792617857456207,0.11336798965930939,0.47891920804977417,0.47891920804977417,0.47891920804977417,0.11333288252353668,0.11333288252353668,0.11333288252353668
0.14167876541614532,0.06860344856977463,0.1413237601518631,0.1413237601518631,0.1413237601518631,0.06858088821172714,0.06858088821172714,0.06858088821172714
0.23489250242710114,0.09433842450380325,0.2349112331867218,0.2349112331867218,0.2349112331867218,0.09431756287813187,0.09431756287813187,0.09431756287813187
0.2948957681655884,0.11558035761117935,0.29493987560272217,0.29493987560272217,0.29493987560272217,0.11557748913764954,0.11557748913764954,0.11557748913764954
0.15110592544078827,0.022952942177653313,0.15070948004722595,0.15070948004722595,0.15070948004722595,0.022953705862164497,0.022953705862164497,0.022953705862164497
0.2600663900375366,0.06012490391731262,0.2600005269050598,0.2600005269050598,0.2600005269050598,0.060116905719041824,0.060116905719041824,0.060116905719041824
0.10496032983064651,0.1712547242641449,0.1049172505736351,0.1049172505736351,0.1049172505736351,0.17132361233234406,0.17132361233234406,0.17132361233234406
0.07320769876241684,0.11301234364509583,0.0732126384973526,0.0732126384973526,0.0732126384973526,0.11312471330165863,0.11312471330165863,0.11312471330165863
0.35302937030792236,0.1129404827952385,0.3529011607170105,0.3529011607170105,0.3529011607170105,0.11294086277484894,0.11294086277484894,0.11294086277484894
0.12288284301757812,0.1688128113746643,0.12276152521371841,0.12276152521371841,0.12276152521371841,0.16873185336589813,0.16873185336589813,0.16873185336589813
0.35749733448028564,0.15505878627300262,0.3575429916381836,0.3575429916381836,0.3575429916381836,0.1550273448228836,0.1550273448228836,0.1550273448228836
0.3863408863544464,0.05981232598423958,0.38630107045173645,0.38630107045173645,0.38630107045173645,0.05982768163084984,0.05982768163084984,0.05982768163084984
0.054486241191625595,0.11405333131551743,0.054485730826854706,0.054485730826854706,0.054485730826854706,0.11386127024888992,0.11386127024888992,0.11386127024888992
0.46617811918258667,0.07597895711660385,0.46606242656707764,0.46606242656707764,0.46606242656707764,0.07598955929279327,0.07598955929279327,0.07598955929279327
0.02687445655465126,0.07391484826803207,0.02686602622270584,0.02686602622270584,0.02686602622270584,0.07390106469392776,0.07390106469392776,0.07390106469392776
0.39662179350852966,0.09245067834854126,0.3964947462081909,0.3964947462081909,0.3964947462081909,0.0924251526594162,0.0924251526594162,0.0924251526594162
0.11532337218523026,0.14212948083877563,0.11523814499378204,0.11523814499378204,0.11523814499378204,0.14209838211536407,0.14209838211536407,0.14209838211536407
0.3670259714126587,0.1421709507703781,0.36695653200149536,0.36695653200149536,0.36695653200149536,0.1421698033809662,0.1421698033809662,0.1421698033809662
0.05586710572242737,0.11034253239631653,0.0558837354183197,0.0558837354183197,0.0558837354183197,0.11036989092826843,0.11036989092826843,0.11036989092826843
0.2751292288303375,0.14092935621738434,0.27505430579185486,0.27505430579185486,0.27505430579185486,0.14087466895580292,0.14087466895580292,0.14087466895580292
0.26055654883384705,0.07617899775505066,0.26045480370521545,0.26045480370521545,0.26045480370521545,0.07617145776748657,0.07617145776748657,0.07617145776748657
0.43664953112602234,0.17400120198726654,0.4365708529949188,0.4365708529949188,0.4365708529949188,0.1739988774061203,0.1739988774061203,0.1739988774061203
0.4477730393409729,0.11401733011007309,0.44761261343955994,0.44761261343955994,0.44761261343955994,0.11398512125015259,0.11398512125015259,0.11398512125015259
0.08759067207574844,0.14594919979572296,0.08757355064153671,0.08757355064153671,0.08757355064153671,0.14586657285690308,0.14586657285690308,0.14586657285690308
0.2292923778295517,0.041972674429416656,0.22930842638015747,0.22930842638015747,0.22930842638015747,0.04197845980525017,0.04197845980525017,0.04197845980525017
0.2404279112815857,0.1161966323852539,0.2403508573770523,0.2403508573770523,0.2403508573770523,0.11618999391794205,0.11618999391794205,0.11618999391794205
0.025874292477965355,0.06491664052009583,0.025873815640807152,0.025873815640807152,0.025873815640807152,0.06488142907619476,0.06488142907619476,0.06488142907619476
0.1217411532998085,0.17133215069770813,0.12164252996444702,0.12164252996444702,0.12164252996444702,0.17122814059257507,0.17122814059257507,0.17122814059257507
0.44777917861938477,0.12407851964235306,0.4476204216480255,0.4476204216480255,0.4476204216480255,0.12401586025953293,0.12401586025953293,0.12401586025953293
0.026385094970464706,0.07343462109565735,0.02637004293501377,0.02637004293501377,0.02637004293501377,0.07340485602617264,0.07340485602617264,0.07340485602617264
0.12269648164510727,0.151923269033432,0.12258204817771912,0.12258204817771912,0.12258204817771912,0.1519155651330948,0.1519155651330948,0.1519155651330948
0.10764400660991669,0.15106201171875,0.10757789015769958,0.10757789015769958,0.10757789015769958,0.15104611217975616,0.15104611217975616,0.15104611217975616
0.3541390597820282,0.11920482665300369,0.3540961444377899,0.3540961444377899,0.3540961444377899,0.11920101940631866,0.11920101940631866,0.11920101940631866
0.5698914527893066,0.32237881422042847,0.5699256658554077,0.5699256658554077,0.5699256658554077,0.3223015367984772,0.3223015367984772,0.3223015367984772
0.5131288766860962,0.21208056807518005,0.5130674242973328,0.5130674242973328,0.5130674242973328,0.21207097172737122,0.21207097172737122,0.21207097172737122
0.4064009487628937,0.06982994079589844,0.40628790855407715,0.40628790855407715,0.40628790855407715,0.06982120126485825,0.06982120126485825,0.06982120126485825
0.02196502685546875,0.0637197196483612,0.021962318569421768,0.021962318569421768,0.021962318569421768,0.06376809626817703,0.06376809626817703,0.06376809626817703
0.5277960896492004,0.18116164207458496,0.5277376770973206,0.5277376770973206,0.5277376770973206,0.18112020194530487,0.18112020194530487,0.18112020194530487
0.2041265368461609,0.11209795624017715,0.20390142500400543,0.20390142500400543,0.20390142500400543,0.11210223287343979,0.11210223287343979,0.11210223287343979
0.36581820249557495,0.11421665549278259,0.36576446890830994,0.36576446890830994,0.36576446890830994,0.11421719193458557,0.11421719193458557,0.11421719193458557
0.47149795293807983,0.17612706124782562,0.4713628888130188,0.4713628888130188,0.4713628888130188,0.17610575258731842,0.17610575258731842,0.17610575258731842
0.40632012486457825,0.07055027782917023,0.4062460958957672,0.4062460958957672,0.4062460958957672,0.07054287195205688,0.07054287195205688,0.07054287195205688
0.34744876623153687,0.2352222353219986,0.34772586822509766,0.34772586822509766,0.34772586822509766,0.23523591458797455,0.23523591458797455,0.23523591458797455
0.3077126443386078,0.12057749927043915,0.3076632618904114,0.3076632618904114,0.3076632618904114,0.12056191265583038,0.12056191265583038,0.12056191265583038
0.412378191947937,0.15570713579654694,0.4122215509414673,0.4122215509414673,0.4122215509414673,0.1556759774684906,0.1556759774684906,0.1556759774684906
0.3894038200378418,0.09540427476167679,0.3893193304538727,0.3893193304538727,0.3893193304538727,0.09540824592113495,0.09540824592113495,0.09540824592113495
0.1673058420419693,0.2102258950471878,0.16726773977279663,0.16726773977279663,0.16726773977279663,0.21024489402770996,0.21024489402770996,0.21024489402770996
0.29420778155326843,0.12255382537841797,0.29415085911750793,0.29415085911750793,0.29415085911750793,0.12255020439624786,0.12255020439624786,0.12255020439624786
0.19621185958385468,0.04198851436376572,0.19593147933483124,0.19593147933483124,0.19593147933483124,0.04198063164949417,0.04198063164949417,0.04198063164949417
0.023869352415204048,0.06967547535896301,0.023858608677983284,0.023858608677983284,0.023858608677983284,0.069681316614151,0.069681316614151,0.069681316614151
0.3020018935203552,0.07111098617315292,0.30195924639701843,0.30195924639701843,0.30195924639701843,0.07108616083860397,0.07108616083860397,0.07108616083860397
0.309921532869339,0.11961744725704193,0.3098762035369873,0.3098762035369873,0.3098762035369873,0.11960478127002716,0.11960478127002716,0.11960478127002716
0.4296247363090515,0.10002018511295319,0.4294707477092743,0.4294707477092743,0.4294707477092743,0.10003498941659927,0.10003498941659927,0.10003498941659927
0.17766298353672028,0.2086920291185379,0.17761695384979248,0.17761695384979248,0.17761695384979248,0.20880228281021118,0.20880228281021118,0.20880228281021118
0.41653281450271606,0.13878507912158966,0.41642364859580994,0.41642364859580994,0.41642364859580994,0.13874654471874237,0.13874654471874237,0.13874654471874237
0.5293525457382202,0.240301251411438,0.5292560458183289,0.5292560458183289,0.5292560458183289,0.24029909074306488,0.24029909074306488,0.24029909074306488
0.2955096364021301,0.10809510946273804,0.29546159505844116,0.29546159505844116,0.29546159505844116,0.10808514803647995,0.10808514803647995,0.10808514803647995
0.23399439454078674,0.0614980086684227,0.23378302156925201,0.23378302156925201,0.23378302156925201,0.06149649992585182,0.06149649992585182,0.06149649992585182
0.09856170415878296,0.03669815883040428,0.09828149527311325,0.09828149527311325,0.09828149527311325,0.036709029227495193,0.036709029227495193,0.036709029227495193
0.2418837547302246,0.12113673985004425,0.24180209636688232,0.24180209636688232,0.24180209636688232,0.1211390569806099,0.1211390569806099,0.1211390569806099
0.13151401281356812,0.18231667578220367,0.13142552971839905,0.13142552971839905,0.13142552971839905,0.18242886662483215,0.18242886662483215,0.18242886662483215
0.29337579011917114,0.08679036051034927,0.2932732105255127,0.2932732105255127,0.2932732105255127,0.08679506927728653,0.08679506927728653,0.08679506927728653
0.28978967666625977,0.07273558527231216,0.28969940543174744,0.28969940543174744,0.28969940543174744,0.07274290919303894,0.07274290919303894,0.07274290919303894
0.3436175584793091,0.13849371671676636,0.3435482680797577,0.3435482680797577,0.3435482680797577,0.13849596679210663,0.13849596679210663,0.13849596679210663
0.2488642930984497,0.04107031971216202,0.2488168179988861,0.2488168179988861,0.2488168179988861,0.04106926918029785,0.04106926918029785,0.04106926918029785
0.3179170489311218,0.07544727623462677,0.3178539276123047,0.3178539276123047,0.3178539276123047,0.07542084902524948,0.07542084902524948,0.07542084902524948
0.1443404108285904,0.15008105337619781,0.14415110647678375,0.14415110647678375,0.14415110647678375,0.15005238354206085,0.15005238354206085,0.15005238354206085
0.3513169586658478,0.09919361770153046,0.3512665629386902,0.3512665629386902,0.3512665629386902,0.09919043630361557,0.09919043630361557,0.09919043630361557
0.2774019241333008,0.06730222702026367,0.27734363079071045,0.27734363079071045,0.27734363079071045,0.06730430573225021,0.06730430573225021,0.06730430573225021
0.31694015860557556,0.0768202617764473,0.316933274269104,0.316933274269104,0.316933274269104,0.07681924849748611,0.07681924849748611,0.07681924849748611
0.38711923360824585,0.13152796030044556,0.38696470856666565,0.38696470856666565,0.38696470856666565,0.13151876628398895,0.13151876628398895,0.13151876628398895
0.3822561502456665,0.10336626321077347,0.38213127851486206,0.38213127851486206,0.38213127851486206,0.10336834192276001,0.10336834192276001,0.10336834192276001
0.41783690452575684,0.15270528197288513,0.41789698600769043,0.41789698600769043,0.41789698600769043,0.15270669758319855,0.15270669758319855,0.15270669758319855
0.44474726915359497,0.12763628363609314,0.4447513222694397,0.4447513222694397,0.4447513222694397,0.1276191771030426,0.1276191771030426,0.1276191771030426
0.02502748742699623,0.0689217746257782,0.025025544688105583,0.025025544688105583,0.025025544688105583,0.0689370408654213,0.0689370408654213,0.0689370408654213
0.24201688170433044,0.20869654417037964,0.2420106828212738,0.2420106828212738,0.2420106828212738,0.20862679183483124,0.20862679183483124,0.20862679183483124
0.09999987483024597,0.1621105968952179,0.09995362162590027,0.09995362162590027,0.09995362162590027,0.1620606780052185,0.1620606780052185,0.1620606780052185
0.3401479721069336,0.08476165682077408,0.34029945731163025,0.34029945731163025,0.34029945731163025,0.08477304130792618,0.08477304130792618,0.08477304130792618
0.028372952714562416,0.06745849549770355,0.02837376669049263,0.02837376669049263,0.02837376669049263,0.06751718372106552,0.06751718372106552,0.06751718372106552
0.47482186555862427,0.11604493111371994,0.4747616648674011,0.4747616648674011,0.4747616648674011,0.11603271961212158,0.11603271961212158,0.11603271961212158
0.2788868844509125,0.2136830985546112,0.2790440320968628,0.2790440320968628,0.2790440320968628,0.2136761099100113,0.2136761099100113,0.2136761099100113
0.18891331553459167,0.21609942615032196,0.18894027173519135,0.18894027173519135,0.18894027173519135,0.21616016328334808,0.21616016328334808,0.21616016328334808
0.42056238651275635,0.12625131011009216,0.4205990731716156,0.4205990731716156,0.4205990731716156,0.12626706063747406,0.12626706063747406,0.12626706063747406
0.03323036804795265,0.09084278345108032,0.0332297757267952,0.0332297757267952,0.0332297757267952,0.09098558127880096,0.09098558127880096,0.09098558127880096
0.23748046159744263,0.21746957302093506,0.2375117689371109,0.2375117689371109,0.2375117689371109,0.21741953492164612,0.21741953492164612,0.21741953492164612
0.45295795798301697,0.11658925563097,0.45279502868652344,0.45279502868652344,0.45279502868652344,0.11659090965986252,0.11659090965986252,0.11659090965986252
0.4376381039619446,0.09569615870714188,0.4374639093875885,0.4374639093875885,0.4374639093875885,0.09568676352500916,0.09568676352500916,0.09568676352500916
0.2938425838947296,0.1266719400882721,0.2938276529312134,0.2938276529312134,0.2938276529312134,0.12668637931346893,0.12668637931346893,0.12668637931346893
0.12827394902706146,0.15146560966968536,0.12814119458198547,0.12814119458198547,0.12814119458198547,0.151591494679451,0.151591494679451,0.151591494679451
0.2666184604167938,0.06901850551366806,0.2665809988975525,0.2665809988975525,0.2665809988975525,0.06901224702596664,0.06901224702596664,0.06901224702596664
0.325013130903244,0.08316963911056519,0.3250156044960022,0.3250156044960022,0.3250156044960022,0.08316484093666077,0.08316484093666077,0.08316484093666077
0.4693705141544342,0.09333962947130203,0.4691699147224426,0.4691699147224426,0.4691699147224426,0.09333206713199615,0.09333206713199615,0.09333206713199615
0.2925211489200592,0.13534952700138092,0.29247647523880005,0.29247647523880005,0.29247647523880005,0.13534818589687347,0.13534818589687347,0.13534818589687347
0.06609594076871872,0.10741562396287918,0.06612907350063324,0.06612907350063324,0.06612907350063324,0.10748710483312607,0.10748710483312607,0.10748710483312607
0.03998791053891182,0.09948435425758362,0.03996405750513077,0.03996405750513077,0.03996405750513077,0.09941728413105011,0.09941728413105011,0.09941728413105011
0.16534604132175446,0.1345973014831543,0.16506434977054596,0.16506434977054596,0.16506434977054596,0.1345941573381424,0.1345941573381424,0.1345941573381424
0.2822302281856537,0.0744365006685257,0.2821815013885498,0.2821815013885498,0.2821815013885498,0.07441098988056183,0.07441098988056183,0.07441098988056183
0.030976105481386185,0.07837789505720139,0.03097415715456009,0.03097415715456009,0.03097415715456009,0.07840945571660995,0.07840945571660995,0.07840945571660995
0.2759493887424469,0.08320660144090652,0.2760082483291626,0.2760082483291626,0.2760082483291626,0.08319877833127975,0.08319877833127975,0.08319877833127975
0.038545574992895126,0.10228685289621353,0.03853175789117813,0.03853175789117813,0.03853175789117813,0.10233747214078903,0.10233747214078903,0.10233747214078903
0.018642550334334373,0.058880798518657684,0.018634703010320663,0.018634703010320663,0.018634703010320663,0.05897893011569977,0.05897893011569977,0.05897893011569977
0.5022929906845093,0.18952231109142303,0.5022812485694885,0.5022812485694885,0.5022812485694885,0.18952251970767975,0.18952251970767975,0.18952251970767975
0.29515865445137024,0.07912696897983551,0.29517123103141785,0.29517123103141785,0.29517123103141785,0.07913878560066223,0.07913878560066223,0.07913878560066223
0.046490319073200226,0.0969042107462883,0.046486593782901764,0.046486593782901764,0.046486593782901764,0.09684699773788452,0.09684699773788452,0.09684699773788452
0.21976761519908905,0.031836166977882385,0.21963664889335632,0.21963664889335632,0.21963664889335632,0.03183357045054436,0.03183357045054436,0.03183357045054436
0.3691325783729553,0.1638568639755249,0.36912429332733154,0.36912429332733154,0.36912429332733154,0.163833349943161,0.163833349943161,0.163833349943161
0.4365132749080658,0.12058719992637634,0.43659642338752747,0.43659642338752747,0.43659642338752747,0.12057963013648987,0.12057963013648987,0.12057963013648987
0.46496516466140747,0.17757074534893036,0.4648473858833313,0.4648473858833313,0.4648473858833313,0.17757706344127655,0.17757706344127655,0.17757706344127655
0.03530116751790047,0.08232567459344864,0.03529902547597885,0.03529902547597885,0.03529902547597885,0.0822659432888031,0.0822659432888031,0.0822659432888031
0.387989342212677,0.08610938489437103,0.38791999220848083,0.38791999220848083,0.38791999220848083,0.08611200749874115,0.08611200749874115,0.08611200749874115
0.35374096035957336,0.10356606543064117,0.3536962568759918,0.3536962568759918,0.3536962568759918,0.10356977581977844,0.10356977581977844,0.10356977581977844
0.4934925436973572,0.24469417333602905,0.4934583008289337,0.4934583008289337,0.4934583008289337,0.24464665353298187,0.24464665353298187,0.24464665353298187
0.36002397537231445,0.10367957502603531,0.3599167764186859,0.3599167764186859,0.3599167764186859,0.10368642956018448,0.10368642956018448,0.10368642956018448
0.3337796926498413,0.06735554337501526,0.33374395966529846,0.33374395966529846,0.33374395966529846,0.0673501044511795,0.0673501044511795,0.0673501044511795
0.2892504930496216,0.1114480122923851,0.28923162817955017,0.28923162817955017,0.28923162817955017,0.11142486333847046,0.11142486333847046,0.11142486333847046
0.4572059214115143,0.14628373086452484,0.45702293515205383,0.45702293515205383,0.45702293515205383,0.14628346264362335,0.14628346264362335,0.14628346264362335
0.33021947741508484,0.0968640148639679,0.33014872670173645,0.33014872670173645,0.33014872670173645,0.09687427431344986,0.09687427431344986,0.09687427431344986
0.24843500554561615,0.09555192291736603,0.24841651320457458,0.24841651320457458,0.24841651320457458,0.09554063528776169,0.09554063528776169,0.09554063528776169
0.26407498121261597,0.09179502725601196,0.26401540637016296,0.26401540637016296,0.26401540637016296,0.09179549664258957,0.09179549664258957,0.09179549664258957
0.3505190312862396,0.08500054478645325,0.35049450397491455,0.35049450397491455,0.35049450397491455,0.0849907249212265,0.0849907249212265,0.0849907249212265
0.28036659955978394,0.22455564141273499,0.28051039576530457,0.28051039576530457,0.28051039576530457,0.22461725771427155,0.22461725771427155,0.22461725771427155
0.3218783140182495,0.077122263610363,0.32185783982276917,0.32185783982276917,0.32185783982276917,0.07709701359272003,0.07709701359272003,0.07709701359272003
0.026243021711707115,0.07488200068473816,0.02623634599149227,0.02623634599149227,0.02623634599149227,0.0749293863773346,0.0749293863773346,0.0749293863773346
0.44069382548332214,0.08951990306377411,0.44048023223876953,0.44048023223876953,0.44048023223876953,0.0895104929804802,0.0895104929804802,0.0895104929804802
0.30300068855285645,0.14234259724617004,0.3030422329902649,0.3030422329902649,0.3030422329902649,0.14235277473926544,0.14235277473926544,0.14235277473926544
0.02647470496594906,0.07638455182313919,0.02646479196846485,0.02646479196846485,0.02646479196846485,0.07636214792728424,0.07636214792728424,0.07636214792728424
0.4435085654258728,0.14571186900138855,0.443461149930954,0.443461149930954,0.443461149930954,0.1456994265317917,0.1456994265317917,0.1456994265317917
0.2599818706512451,0.25304847955703735,0.2601480185985565,0.2601480185985565,0.2601480185985565,0.2531466782093048,0.2531466782093048,0.2531466782093048
0.12181200832128525,0.17002327740192413,0.12169809639453888,0.12169809639453888,0.12169809639453888,0.16992495954036713,0.16992495954036713,0.16992495954036713
0.32224079966545105,0.09932143241167068,0.32221466302871704,0.32221466302871704,0.32221466302871704,0.0993112251162529,0.0993112251162529,0.0993112251162529
0.03421121463179588,0.07827381789684296,0.034208282828330994,0.034208282828330994,0.034208282828330994,0.07839924842119217,0.07839924842119217,0.07839924842119217
0.42870330810546875,0.1881522387266159,0.4288187325000763,0.4288187325000763,0.4288187325000763,0.18816262483596802,0.18816262483596802,0.18816262483596802
0.3992343544960022,0.07737480849027634,0.39909347891807556,0.39909347891807556,0.39909347891807556,0.07738611102104187,0.07738611102104187,0.07738611102104187
0.22849568724632263,0.2070585936307907,0.22846294939517975,0.22846294939517975,0.22846294939517975,0.20708021521568298,0.20708021521568298,0.20708021521568298
0.1284862607717514,0.19231997430324554,0.1283833533525467,0.1283833533525467,0.1283833533525467,0.19244073331356049,0.19244073331356049,0.19244073331356049
0.04874259978532791,0.09810061752796173,0.04874971881508827,0.04874971881508827,0.04874971881508827,0.09802091866731644,0.09802091866731644,0.09802091866731644
0.0230668094009161,0.08051752299070358,0.023056695237755775,0.023056695237755775,0.023056695237755775,0.08042166382074356,0.08042166382074356,0.08042166382074356
0.5192275047302246,0.24832625687122345,0.5191441774368286,0.5191441774368286,0.5191441774368286,0.24833263456821442,0.24833263456821442,0.24833263456821442
0.48590078949928284,0.125017449259758,0.4856725335121155,0.4856725335121155,0.4856725335121155,0.12500552833080292,0.12500552833080292,0.12500552833080292
0.24535730481147766,0.1088290810585022,0.2453368753194809,0.2453368753194809,0.2453368753194809,0.10882879793643951,0.10882879793643951,0.10882879793643951
0.15107692778110504,0.1913582980632782,0.1508934646844864,0.1508934646844864,0.1508934646844864,0.19133040308952332,0.19133040308952332,0.19133040308952332
0.3957831859588623,0.14325889945030212,0.3957074284553528,0.3957074284553528,0.3957074284553528,0.1432374268770218,0.1432374268770218,0.1432374268770218
0.34521353244781494,0.08234398812055588,0.3451572358608246,0.3451572358608246,0.3451572358608246,0.08231643587350845,0.08231643587350845,0.08231643587350845
0.22945086658000946,0.05158356577157974,0.22941389679908752,0.22941389679908752,0.22941389679908752,0.05159914866089821,0.05159914866089821,0.05159914866089821
0.3075401484966278,0.07427850365638733,0.30749377608299255,0.30749377608299255,0.30749377608299255,0.07427559047937393,0.07427559047937393,0.07427559047937393
0.017222484573721886,0.060017798095941544,0.01721830666065216,0.01721830666065216,0.01721830666065216,0.059952884912490845,0.059952884912490845,0.059952884912490845
0.3619944453239441,0.14060069620609283,0.3618302047252655,0.3618302047252655,0.3618302047252655,0.1405942589044571,0.1405942589044571,0.1405942589044571
0.03862464800477028,0.08530652523040771,0.038617078214883804,0.038617078214883804,0.038617078214883804,0.08530544489622116,0.08530544489622116,0.08530544489622116
0.2880138158798218,0.13176731765270233,0.28798341751098633,0.28798341751098633,0.28798341751098633,0.13175995647907257,0.13175995647907257,0.13175995647907257
0.3929826021194458,0.22195592522621155,0.39307937026023865,0.39307937026023865,0.39307937026023865,0.22193177044391632,0.22193177044391632,0.22193177044391632
0.0525629036128521,0.11659583449363708,0.05255649983882904,0.05255649983882904,0.05255649983882904,0.11668741703033447,0.11668741703033447,0.11668741703033447
0.14071226119995117,0.15700985491275787,0.14054392278194427,0.14054392278194427,0.14054392278194427,0.15693862736225128,0.15693862736225128,0.15693862736225128
0.2701023519039154,0.09692925959825516,0.27004361152648926,0.27004361152648926,0.27004361152648926,0.0969185084104538,0.0969185084104538,0.0969185084104538
0.14045879244804382,0.08694913238286972,0.14011061191558838,0.14011061191558838,0.14011061191558838,0.0869399830698967,0.0869399830698967,0.0869399830698967
0.10326316952705383,0.14680296182632446,0.10321447998285294,0.10321447998285294,0.10321447998285294,0.14674586057662964,0.14674586057662964,0.14674586057662964
0.44681209325790405,0.09835806488990784,0.4465999901294708,0.4465999901294708,0.4465999901294708,0.09834069758653641,0.09834069758653641,0.09834069758653641
0.029895655810832977,0.07638341933488846,0.029888270422816277,0.029888270422816277,0.029888270422816277,0.07646000385284424,0.07646000385284424,0.07646000385284424
0.032601162791252136,0.0819949135184288,0.032589416950941086,0.032589416950941086,0.032589416950941086,0.08194670081138611,0.08194670081138611,0.08194670081138611
0.36000561714172363,0.1313040554523468,0.3597909212112427,0.3597909212112427,0.3597909212112427,0.1313123106956482,0.1313123106956482,0.1313123106956482
0.016666879877448082,0.054383739829063416,0.016660595312714577,0.016660595312714577,0.016660595312714577,0.05439681187272072,0.05439681187272072,0.05439681187272072
0.10913681238889694,0.015157636255025864,0.10883262753486633,0.10883262753486633,0.10883262753486633,0.015149621292948723,0.015149621292948723,0.015149621292948723
0.4131678640842438,0.1916343867778778,0.4128497242927551,0.4128497242927551,0.4128497242927551,0.19161371886730194,0.19161371886730194,0.19161371886730194
0.1729969084262848,0.036519043147563934,0.17264319956302643,0.17264319956302643,0.17264319956302643,0.036511506885290146,0.036511506885290146,0.036511506885290146
0.13262203335762024,0.17763040959835052,0.13249188661575317,0.13249188661575317,0.13249188661575317,0.17772993445396423,0.17772993445396423,0.17772993445396423
0.31549158692359924,0.26862215995788574,0.3156954348087311,0.3156954348087311,0.3156954348087311,0.26871514320373535,0.26871514320373535,0.26871514320373535
0.46535447239875793,0.1678408533334732,0.46521270275115967,0.46521270275115967,0.46521270275115967,0.16784986853599548,0.16784986853599548,0.16784986853599548
0.48183053731918335,0.27812954783439636,0.48185375332832336,0.48185375332832336,0.48185375332832336,0.2780926525592804,0.2780926525592804,0.2780926525592804
0.03518489748239517,0.0915866270661354,0.03517952561378479,0.03517952561378479,0.03517952561378479,0.09155116230249405,0.09155116230249405,0.09155116230249405
0.5426814556121826,0.39164409041404724,0.5427693128585815,0.5427693128585815,0.5427693128585815,0.3918684124946594,0.3918684124946594,0.3918684124946594
0.15161632001399994,0.17555901408195496,0.1514769196510315,0.1514769196510315,0.1514769196510315,0.1755172461271286,0.1755172461271286,0.1755172461271286
0.2549038231372833,0.14088845252990723,0.25465258955955505,0.25465258955955505,0.25465258955955505,0.14088113605976105,0.14088113605976105,0.14088113605976105
0.38331398367881775,0.13484632968902588,0.38308870792388916,0.38308870792388916,0.38308870792388916,0.13484938442707062,0.13484938442707062,0.13484938442707062
0.16721723973751068,0.21418596804141998,0.16720621287822723,0.16720621287822723,0.16720621287822723,0.21417203545570374,0.21417203545570374,0.21417203545570374
0.3571072816848755,0.09917338192462921,0.35700279474258423,0.35700279474258423,0.35700279474258423,0.09915056079626083,0.09915056079626083,0.09915056079626083
0.04990152269601822,0.11346275359392166,0.04988705739378929,0.04988705739378929,0.04988705739378929,0.11343101412057877,0.11343101412057877,0.11343101412057877
0.2369064837694168,0.1129881888628006,0.23681776225566864,0.23681776225566864,0.23681776225566864,0.11299071460962296,0.11299071460962296,0.11299071460962296
0.565998911857605,0.11952457576990128,0.5657899379730225,0.5657899379730225,0.5657899379730225,0.11952848732471466,0.11952848732471466,0.11952848732471466
0.3663003742694855,0.10098742693662643,0.3662186861038208,0.3662186861038208,0.3662186861038208,0.10096023976802826,0.10096023976802826,0.10096023976802826
0.29737716913223267,0.09687241911888123,0.29731714725494385,0.29731714725494385,0.29731714725494385,0.09686314314603806,0.09686314314603806,0.09686314314603806
0.43423765897750854,0.15705351531505585,0.4342343807220459,0.4342343807220459,0.4342343807220459,0.15704530477523804,0.15704530477523804,0.15704530477523804
0.4118315577507019,0.11198926717042923,0.41176602244377136,0.41176602244377136,0.41176602244377136,0.11198415607213974,0.11198415607213974,0.11198415607213974
0.22232864797115326,0.2088337391614914,0.22234931588172913,0.22234931588172913,0.22234931588172913,0.2088264673948288,0.2088264673948288,0.2088264673948288
0.12057340145111084,0.1630382239818573,0.12045618146657944,0.12045618146657944,0.12045618146657944,0.16308261454105377,0.16308261454105377,0.16308261454105377
0.3834385573863983,0.09322590380907059,0.38331902027130127,0.38331902027130127,0.38331902027130127,0.09321834146976471,0.09321834146976471,0.09321834146976471
0.38949862122535706,0.1938762217760086,0.38961532711982727,0.38961532711982727,0.38961532711982727,0.1938808560371399,0.1938808560371399,0.1938808560371399
0.27225005626678467,0.09567292779684067,0.2722128927707672,0.2722128927707672,0.2722128927707672,0.09565307199954987,0.09565307199954987,0.09565307199954987
0.331250935792923,0.1378275752067566,0.3311692774295807,0.3311692774295807,0.3311692774295807,0.1378115713596344,0.1378115713596344,0.1378115713596344
0.28502821922302246,0.04273089021444321,0.2851279675960541,0.2851279675960541,0.2851279675960541,0.042727187275886536,0.042727187275886536,0.042727187275886536
0.3638361096382141,0.12091325223445892,0.3637361228466034,0.3637361228466034,0.3637361228466034,0.12093370407819748,0.12093370407819748,0.12093370407819748
0.44481348991394043,0.10409267246723175,0.4446756839752197,0.4446756839752197,0.4446756839752197,0.10408301651477814,0.10408301651477814,0.10408301651477814
0.2322389781475067,0.0588785782456398,0.2320980429649353,0.2320980429649353,0.2320980429649353,0.05889122933149338,0.05889122933149338,0.05889122933149338
0.30883464217185974,0.16586601734161377,0.3088223338127136,0.3088223338127136,0.3088223338127136,0.1658637821674347,0.1658637821674347,0.1658637821674347
0.26109975576400757,0.14702287316322327,0.2609431743621826,0.2609431743621826,0.2609431743621826,0.1470356583595276,0.1470356583595276,0.1470356583595276
0.13393016159534454,0.17060142755508423,0.13375887274742126,0.13375887274742126,0.13375887274742126,0.17051582038402557,0.17051582038402557,0.17051582038402557
0.318697452545166,0.06527039408683777,0.3187791705131531,0.3187791705131531,0.3187791705131531,0.06526847183704376,0.06526847183704376,0.06526847183704376
0.30555298924446106,0.10655440390110016,0.305594801902771,0.305594801902771,0.305594801902771,0.10654626041650772,0.10654626041650772,0.10654626041650772
0.1311371922492981,0.1647200882434845,0.1309942901134491,0.1309942901134491,0.1309942901134491,0.16483227908611298,0.16483227908611298,0.16483227908611298
0.13403058052062988,0.17367270588874817,0.13387122750282288,0.13387122750282288,0.13387122750282288,0.17363877594470978,0.17363877594470978,0.17363877594470978
0.3956547677516937,0.16194817423820496,0.3956199586391449,0.3956199586391449,0.3956199586391449,0.16193263232707977,0.16193263232707977,0.16193263232707977
0.36193954944610596,0.07387732714414597,0.36189624667167664,0.36189624667167664,0.36189624667167664,0.07387556880712509,0.07387556880712509,0.07387556880712509
0.12583011388778687,0.161044642329216,0.1256754994392395,0.1256754994392395,0.1256754994392395,0.16091494262218475,0.16091494262218475,0.16091494262218475
0.43118804693222046,0.16309918463230133,0.4311251938343048,0.4311251938343048,0.4311251938343048,0.1630876362323761,0.1630876362323761,0.1630876362323761
0.26706328988075256,0.13345570862293243,0.26714789867401123,0.26714789867401123,0.26714789867401123,0.13342437148094177,0.13342437148094177,0.13342437148094177
0.27937421202659607,0.12529848515987396,0.2793443202972412,0.2793443202972412,0.2793443202972412,0.1253236085176468,0.1253236085176468,0.1253236085176468
0.3301129639148712,0.07578768581151962,0.3301025629043579,0.3301025629043579,0.3301025629043579,0.0758121907711029,0.0758121907711029,0.0758121907711029
0.0257176011800766,0.06947663426399231,0.025707926601171494,0.025707926601171494,0.025707926601171494,0.06949494779109955,0.06949494779109955,0.06949494779109955
0.2919394373893738,0.10104137659072876,0.29190587997436523,0.29190587997436523,0.29190587997436523,0.10104615986347198,0.10104615986347198,0.10104615986347198
0.023145249113440514,0.060286033898591995,0.023144707083702087,0.023144707083702087,0.023144707083702087,0.06026403233408928,0.06026403233408928,0.06026403233408928
0.2561092972755432,0.12227212637662888,0.25610166788101196,0.25610166788101196,0.25610166788101196,0.12227363139390945,0.12227363139390945,0.12227363139390945
0.31587377190589905,0.08850181102752686,0.3158651292324066,0.3158651292324066,0.3158651292324066,0.0885068029165268,0.0885068029165268,0.0885068029165268
0.23382866382598877,0.08885376900434494,0.233658567070961,0.233658567070961,0.233658567070961,0.08885391056537628,0.08885391056537628,0.08885391056537628
0.07839732617139816,0.12364597618579865,0.07843819260597229,0.07843819260597229,0.07843819260597229,0.12355764955282211,0.12355764955282211,0.12355764955282211
0.37880995869636536,0.09273359179496765,0.37873759865760803,0.37873759865760803,0.37873759865760803,0.09272312372922897,0.09272312372922897,0.09272312372922897
0.09923117607831955,0.13516435027122498,0.09922032058238983,0.09922032058238983,0.09922032058238983,0.1351994425058365,0.1351994425058365,0.1351994425058365
0.045806288719177246,0.07545442134141922,0.04579843208193779,0.04579843208193779,0.04579843208193779,0.075422003865242,0.075422003865242,0.075422003865242
0.3871947228908539,0.10156811773777008,0.38713809847831726,0.38713809847831726,0.38713809847831726,0.10156898200511932,0.10156898200511932,0.10156898200511932
0.22492747008800507,0.04753570631146431,0.22472833096981049,0.22472833096981049,0.22472833096981049,0.04753366485238075,0.04753366485238075,0.04753366485238075
0.02697676420211792,0.06812822073698044,0.026973702013492584,0.026973702013492584,0.026973702013492584,0.06809885054826736,0.06809885054826736,0.06809885054826736
0.2928970158100128,0.14340198040008545,0.2928833067417145,0.2928833067417145,0.2928833067417145,0.14339490234851837,0.14339490234851837,0.14339490234851837
0.3641195297241211,0.09152209013700485,0.36406710743904114,0.36406710743904114,0.36406710743904114,0.09152717888355255,0.09152717888355255,0.09152717888355255
0.4045864939689636,0.11834510415792465,0.40447795391082764,0.40447795391082764,0.40447795391082764,0.118308886885643,0.118308886885643,0.118308886885643
